{
	"absolutePosition": true,
	"startColorAlpha": 1,
	"startParticleSizeVariance": 53.47,
	"startColorGreen": 0.3031555,
	"rotatePerSecond": 0,
	"radialAcceleration": 0,
	"yCoordFlipped": -1,
	"emitterType": 0,
	"blendFuncSource": 770,
	"finishColorVarianceAlpha": 0,
	"rotationEnd": 0,
	// "startColorVarianceBlue": 0,
	"startColorVarianceBlue": 0.5,
	"rotatePerSecondVariance": 153.95,
	"particleLifespan": 0.7237,
	"minRadius": 0,
	"configName": "fire",
	"tangentialAcceleration": -144.74,
	"rotationStart": 0,
	// "startColorVarianceGreen": 0,
	"startColorVarianceGreen": 0.3,
	"speed": 0,
	"minRadiusVariance": 0,
	"finishColorVarianceBlue": 0,
	"finishColorBlue": 0.3699196,
	"finishColorGreen": 0.5443883,
	"blendFuncDestination": 1,
	"finishColorAlpha": 0,
	"sourcePositionVariancex": 0,
	"startParticleSize": 50.95,
	"sourcePositionVariancey": 0,
	"startColorRed": 0.8373094,
	"finishColorVarianceRed": 0,
	"textureFileName": "fire.png",
	"startColorVarianceAlpha": 1,
	"maxParticles": 256,
	"finishColorVarianceGreen": 0,
	"finishParticleSize": 64,
	"duration": -1,
	"startColorVarianceRed": 0,
	"finishColorRed": 1,
	"gravityx": 0,
	"maxRadiusVariance": 72.63,
	"finishParticleSizeVariance": 64,
	// "gravityy": -671.05,
	"gravityy": 0,
	"rotationEndVariance": 0,
	"startColorBlue": 0.3,
	// "startColorBlue": 0,
	"rotationStartVariance": 0,
	"speedVariance": 90.79,
	"radialAccelVariance": 0,
	"textureImageData": "",
	"tangentialAccelVariance": -92.11,
	"particleLifespanVariance": 0,
	"angleVariance": -142.62,
	"angle": -244.11,
	"maxRadius": 0
}
